{"cameraMode":{"drawMode":0,"name":"Shaded","section":"Shading Mode"},"sceneLighting":true,"audioPlay":false,"sceneViewState":{"m_AlwaysRefresh":false,"showFog":true,"showSkybox":true,"showFlares":true,"showImageEffects":true,"showParticleSystems":true,"showVisualEffectGraphs":true,"m_FxEnabled":true},"in2DMode":false,"pivot":{"x":0.9318866729736328,"y":3.4804575443267824,"z":2.449578285217285},"rotation":{"x":0.007712815888226032,"y":-0.9664374589920044,"z":0.029310312122106553,"w":0.2556562125682831},"size":1.7166767120361329,"orthographic":false}